,x,y,num
0,877,874,2157.0
1,927,910,2162.0
2,865,899,2167.0
3,874,905,2172.0
4,882,902,2177.0
5,921,934,2192.0
6,956,953,2207.0
7,931,953,2212.0
8,925,952,2217.0
9,921,941,2222.0
10,914,931,2227.0
11,908,945,2232.0
12,895,948,2237.0
13,861,948,2242.0
14,818,951,2247.0
15,791,954,2252.0
16,771,959,2257.0
17,754,948,2262.0
18,741,944,2267.0
19,741,945,2272.0
20,705,947,2277.0
21,703,948,2282.0
22,697,948,2287.0
23,696,948,2292.0
24,694,953,2297.0
25,719,949,2302.0
26,719,949,2307.0
27,713,948,2312.0
28,712,944,2317.0
29,707,940,2322.0
30,706,935,2327.0
31,704,929,2332.0
32,703,927,2337.0
33,690,921,2342.0
34,696,916,2347.0
35,700,913,2352.0
36,691,909,2357.0
37,683,904,2362.0
38,679,886,2367.0
39,673,867,2372.0
40,662,848,2377.0
41,658,841,2382.0
42,660,836,2387.0
43,657,832,2392.0
44,670,821,2397.0
45,681,814,2402.0
46,690,817,2407.0
47,694,801,2412.0
48,707,788,2417.0
49,712,774,2422.0
50,726,757,2427.0
51,742,734,2432.0
52,764,705,2437.0
53,777,677,2442.0
54,807,657,2447.0
55,820,631,2452.0
56,831,613,2457.0
57,855,590,2462.0
58,877,570,2467.0
59,899,556,2472.0
60,920,545,2477.0
61,923,555,2482.0
62,926,553,2487.0
63,927,537,2492.0
64,930,532,2497.0
65,928,526,2502.0
66,929,526,2507.0
67,928,522,2512.0
68,929,517,2517.0
69,938,510,2522.0
70,935,490,2527.0
71,941,467,2532.0
72,945,442,2537.0
73,938,428,2542.0
74,946,404,2547.0
75,950,364,2552.0
76,946,338,2557.0
77,943,289,2562.0
78,941,268,2567.0
79,945,251,2572.0
80,943,226,2577.0
81,943,211,2582.0
82,942,177,2587.0
83,942,157,2592.0
84,944,135,2597.0
85,943,120,2602.0
86,951,106,2607.0
87,953,104,2612.0
88,953,103,2617.0
89,955,104,2622.0
90,955,101,2627.0
91,957,100,2632.0
92,954,98,2637.0
93,951,93,2642.0
94,948,86,2647.0
95,954,82,2652.0
96,956,84,2657.0
97,954,81,2662.0
98,955,78,2667.0
99,955,76,2672.0
100,970,96,2677.0
101,977,83,2682.0
102,970,66,2692.0
103,971,74,2697.0
104,969,77,2702.0
105,961,91,2707.0
106,960,83,2712.0
107,973,111,2717.0
108,959,76,2722.0
109,956,79,2727.0
110,957,87,2732.0
111,956,90,2737.0
112,958,94,2742.0
113,957,93,2747.0
114,952,87,2752.0
115,952,87,2757.0
116,952,85,2762.0
117,953,85,2767.0
118,952,84,2772.0
119,951,80,2777.0
120,944,76,2782.0
121,938,84,2787.0
122,939,89,2792.0
123,937,86,2797.0
124,933,89,2802.0
125,938,94,2807.0
126,939,101,2812.0
127,945,107,2817.0
128,942,113,2822.0
129,942,129,2827.0
130,940,151,2832.0
131,941,171,2837.0
132,939,205,2842.0
133,941,241,2847.0
134,946,262,2852.0
135,942,287,2857.0
136,943,318,2862.0
137,938,335,2867.0
138,941,356,2872.0
139,939,384,2877.0
140,941,407,2882.0
141,941,434,2887.0
142,942,477,2892.0
143,940,507,2897.0
144,940,533,2902.0
145,934,562,2907.0
146,938,599,2912.0
147,934,628,2917.0
148,934,668,2922.0
149,931,686,2927.0
150,931,712,2932.0
151,934,745,2937.0
152,936,759,2942.0
153,931,766,2947.0
154,931,768,2952.0
155,930,775,2957.0
156,933,784,2962.0
157,931,794,2967.0
158,930,796,2972.0
159,930,798,2977.0
160,930,801,2982.0
161,930,801,2987.0
162,930,801,2992.0
163,931,797,2997.0
164,928,804,3002.0
165,928,804,3007.0
166,927,807,3012.0
167,927,807,3017.0
168,927,807,3022.0
169,927,809,3027.0
170,927,810,3032.0
171,928,813,3037.0
172,934,830,3042.0
173,939,836,3047.0
174,938,848,3052.0
175,932,865,3057.0
176,929,875,3062.0
177,929,877,3067.0
178,929,886,3072.0
179,929,886,3077.0
180,929,886,3082.0
181,929,886,3087.0
182,929,886,3092.0
183,931,887,3097.0
184,930,887,3102.0
185,929,887,3107.0
186,927,893,3112.0
187,937,908,3117.0
188,934,914,3122.0
189,930,917,3127.0
190,926,919,3132.0
191,923,923,3137.0
192,911,922,3142.0
193,902,924,3147.0
194,893,921,3152.0
195,884,925,3157.0
196,875,929,3162.0
197,866,934,3167.0
198,852,938,3172.0
199,829,943,3177.0
200,807,942,3182.0
201,800,939,3187.0
202,795,942,3192.0
203,789,943,3197.0
204,780,941,3202.0
205,770,938,3207.0
206,767,938,3212.0
207,751,941,3217.0
208,742,945,3222.0
209,725,944,3227.0
210,691,946,3232.0
211,681,938,3237.0
212,662,944,3242.0
213,626,940,3247.0
214,599,941,3252.0
215,579,945,3257.0
216,565,946,3262.0
217,565,946,3267.0
218,565,946,3272.0
219,565,946,3277.0
220,565,946,3282.0
221,565,946,3287.0
222,565,946,3292.0
223,551,943,3297.0
224,551,938,3302.0
225,549,941,3307.0
226,532,937,3312.0
227,516,932,3317.0
228,499,932,3322.0
229,489,933,3327.0
230,467,936,3332.0
231,439,930,3337.0
232,421,935,3342.0
233,407,932,3347.0
234,408,931,3352.0
235,415,935,3357.0
236,406,932,3362.0
237,413,925,3367.0
238,408,925,3372.0
239,392,918,3377.0
240,376,917,3382.0
241,352,916,3387.0
242,329,913,3392.0
243,286,905,3397.0
244,270,900,3402.0
245,255,902,3407.0
246,254,903,3412.0
247,230,897,3417.0
248,223,890,3422.0
249,196,887,3427.0
250,183,881,3432.0
251,177,882,3437.0
252,178,882,3442.0
253,175,880,3447.0
254,165,882,3452.0
255,158,883,3457.0
256,156,883,3462.0
257,150,888,3467.0
258,145,891,3472.0
259,138,896,3477.0
260,134,897,3482.0
261,131,897,3487.0
262,130,899,3492.0
263,133,897,3497.0
264,133,896,3502.0
265,134,896,3507.0
266,131,899,3512.0
267,131,896,3517.0
268,126,898,3522.0
269,112,907,3527.0
270,102,899,3532.0
271,97,900,3537.0
272,92,902,3542.0
273,90,899,3547.0
274,87,896,3552.0
275,84,888,3557.0
276,82,883,3562.0
277,76,880,3567.0
278,73,878,3572.0
279,68,874,3577.0
280,62,869,3582.0
281,60,859,3587.0
282,59,830,3592.0
283,60,814,3597.0
284,56,798,3602.0
285,45,742,3607.0
286,52,712,3612.0
287,48,650,3617.0
288,49,609,3622.0
289,54,544,3627.0
290,49,508,3632.0
291,45,469,3637.0
292,53,435,3642.0
293,45,388,3647.0
294,50,334,3652.0
295,54,290,3657.0
296,61,245,3662.0
297,61,217,3667.0
298,53,177,3672.0
299,61,150,3677.0
300,64,137,3682.0
301,63,111,3687.0
302,62,107,3692.0
303,60,91,3697.0
304,60,84,3702.0
305,65,81,3707.0
306,74,79,3712.0
307,82,80,3717.0
308,86,82,3722.0
309,95,78,3727.0
310,102,74,3732.0
311,127,63,3737.0
312,159,55,3742.0
313,200,46,3747.0
314,214,58,3752.0
315,257,51,3757.0
316,301,50,3762.0
317,329,51,3767.0
318,369,42,3772.0
319,366,43,3777.0
320,416,48,3782.0
321,439,54,3787.0
322,451,55,3792.0
323,487,57,3797.0
324,505,48,3802.0
325,508,47,3807.0
326,508,47,3812.0
327,505,46,3817.0
328,507,45,3822.0
329,511,43,3827.0
330,506,45,3832.0
331,511,44,3837.0
332,499,46,3842.0
333,511,41,3847.0
334,509,46,3852.0
335,511,44,3857.0
336,511,41,3862.0
337,504,47,3867.0
338,511,45,3872.0
339,511,44,3877.0
340,508,44,3882.0
341,511,41,3887.0
342,511,44,3892.0
343,511,41,3897.0
344,510,42,3902.0
345,510,42,3907.0
346,503,50,3912.0
347,537,49,3917.0
348,554,54,3922.0
349,569,51,3927.0
350,569,49,3932.0
351,589,51,3937.0
352,605,50,3942.0
353,631,50,3947.0
354,631,50,3952.0
355,631,50,3957.0
356,633,50,3962.0
357,631,49,3967.0
358,632,48,3972.0
359,642,49,3977.0
360,643,50,3982.0
361,645,50,3987.0
362,646,51,3992.0
363,652,51,3997.0
364,662,53,4002.0
365,662,53,4007.0
366,663,51,4012.0
367,662,53,4017.0
368,661,56,4022.0
369,661,58,4027.0
370,662,58,4032.0
371,662,58,4037.0
372,662,58,4042.0
373,662,58,4047.0
374,662,58,4052.0
375,663,58,4057.0
376,662,58,4062.0
377,663,61,4067.0
378,678,62,4072.0
379,696,58,4077.0
380,697,61,4082.0
381,697,63,4087.0
382,697,64,4092.0
383,712,68,4097.0
384,713,73,4102.0
385,734,73,4107.0
386,738,71,4112.0
387,764,83,4117.0
388,775,87,4122.0
389,788,90,4127.0
390,791,99,4132.0
391,800,98,4137.0
392,805,102,4142.0
393,815,105,4147.0
394,810,104,4152.0
395,801,95,4157.0
396,788,92,4162.0
397,774,89,4167.0
398,757,79,4172.0
399,748,71,4177.0
400,750,76,4182.0
401,752,75,4187.0
402,755,75,4192.0
403,763,73,4197.0
404,764,82,4202.0
405,763,83,4207.0
406,759,91,4212.0
407,743,95,4217.0
408,737,104,4222.0
409,729,110,4227.0
410,725,111,4232.0
411,723,112,4237.0
412,719,119,4242.0
413,719,124,4247.0
414,702,127,4252.0
415,662,132,4257.0
416,639,119,4262.0
417,590,125,4267.0
418,568,114,4272.0
419,535,111,4277.0
420,538,101,4282.0
421,512,94,4287.0
422,494,86,4292.0
423,475,68,4297.0
424,460,63,4302.0
425,451,63,4307.0
426,447,60,4312.0
427,447,61,4317.0
428,436,55,4322.0
429,417,53,4327.0
430,420,53,4332.0
431,421,55,4337.0
432,421,52,4342.0
433,407,44,4347.0
434,409,52,4352.0
435,408,47,4357.0
436,409,50,4362.0
437,409,52,4367.0
438,410,52,4372.0
439,409,50,4377.0
440,411,53,4382.0
441,411,53,4387.0
442,411,53,4392.0
443,412,51,4397.0
444,413,53,4402.0
445,412,50,4407.0
446,417,51,4412.0
447,418,50,4417.0
448,422,50,4422.0
449,427,49,4427.0
450,445,47,4432.0
451,457,52,4437.0
452,470,53,4442.0
453,494,40,4447.0
454,495,51,4452.0
455,498,54,4457.0
456,498,51,4462.0
457,498,48,4467.0
458,497,47,4472.0
459,492,54,4477.0
460,502,47,4482.0
461,517,43,4487.0
462,516,50,4492.0
463,522,48,4497.0
464,521,48,4502.0
465,537,46,4507.0
466,537,47,4512.0
467,531,48,4517.0
468,537,48,4522.0
469,554,48,4527.0
470,536,53,4532.0
471,533,55,4537.0
472,548,55,4542.0
473,584,55,4547.0
474,587,58,4552.0
475,586,53,4557.0
476,582,55,4562.0
477,581,59,4567.0
478,597,56,4572.0
479,619,59,4577.0
480,612,60,4582.0
481,612,60,4587.0
482,623,59,4592.0
483,624,59,4597.0
484,615,60,4602.0
485,623,61,4607.0
486,624,61,4612.0
487,625,61,4617.0
488,625,61,4622.0
489,633,64,4627.0
490,626,62,4632.0
491,639,64,4637.0
492,640,65,4642.0
493,640,64,4647.0
494,639,64,4652.0
495,640,66,4657.0
496,640,67,4662.0
497,650,67,4667.0
498,650,67,4672.0
499,651,67,4677.0
500,653,66,4682.0
501,653,64,4687.0
502,654,64,4692.0
503,660,62,4697.0
504,660,62,4702.0
505,675,65,4707.0
506,695,59,4712.0
507,706,55,4717.0
508,716,52,4722.0
509,734,58,4727.0
510,736,57,4732.0
511,736,58,4737.0
512,740,56,4742.0
513,720,54,4747.0
514,731,54,4752.0
515,733,49,4757.0
516,735,48,4762.0
517,743,48,4767.0
518,743,49,4772.0
519,743,49,4777.0
520,750,48,4782.0
521,755,49,4787.0
522,772,53,4792.0
523,773,55,4797.0
524,788,56,4802.0
525,801,57,4807.0
526,822,62,4812.0
527,832,63,4817.0
528,841,56,4822.0
529,849,60,4827.0
530,867,69,4832.0
531,877,71,4837.0
532,887,73,4842.0
533,901,62,4847.0
534,911,56,4852.0
535,917,58,4857.0
536,917,61,4862.0
537,914,62,4867.0
538,909,58,4872.0
539,909,58,4877.0
540,910,58,4882.0
541,911,57,4887.0
542,911,57,4892.0
543,911,57,4897.0
544,905,54,4902.0
545,913,56,4907.0
546,909,58,4912.0
547,910,56,4917.0
548,911,56,4922.0
549,907,57,4927.0
550,911,61,4932.0
551,910,64,4937.0
552,911,70,4942.0
553,911,72,4947.0
554,913,73,4952.0
555,915,75,4957.0
556,916,80,4962.0
557,920,83,4967.0
558,923,86,4972.0
559,927,86,4977.0
560,929,97,4982.0
561,934,104,4987.0
562,940,112,4992.0
563,933,133,4997.0
564,938,142,5002.0
565,940,159,5007.0
566,944,190,5012.0
567,943,205,5017.0
568,948,235,5022.0
569,944,255,5027.0
570,946,287,5032.0
571,949,300,5037.0
572,941,298,5042.0
573,942,328,5047.0
574,942,354,5052.0
575,945,349,5057.0
576,943,383,5062.0
577,945,403,5067.0
578,944,446,5072.0
579,938,467,5077.0
580,941,480,5082.0
581,941,503,5087.0
582,942,531,5092.0
583,935,544,5097.0
584,931,573,5102.0
585,929,588,5107.0
586,925,590,5112.0
587,920,602,5117.0
588,915,622,5122.0
589,912,653,5127.0
590,912,657,5132.0
591,910,667,5137.0
592,910,672,5142.0
593,906,689,5147.0
594,900,693,5152.0
595,901,699,5157.0
596,902,710,5162.0
597,897,724,5167.0
598,892,741,5172.0
599,895,751,5177.0
600,894,754,5182.0
601,895,761,5187.0
602,894,763,5192.0
603,896,760,5197.0
604,897,762,5202.0
605,895,764,5207.0
606,896,768,5212.0
607,897,773,5217.0
608,896,772,5222.0
609,896,773,5227.0
610,896,771,5232.0
611,897,771,5237.0
612,896,771,5242.0
613,895,769,5247.0
614,897,774,5252.0
615,899,778,5257.0
616,900,781,5262.0
617,900,799,5267.0
618,905,800,5272.0
619,909,807,5277.0
620,914,811,5282.0
621,913,814,5287.0
622,913,818,5292.0
623,913,818,5297.0
624,914,820,5302.0
625,916,825,5307.0
626,914,830,5312.0
627,915,842,5317.0
628,922,857,5322.0
629,919,870,5327.0
630,913,878,5332.0
631,916,881,5337.0
632,907,890,5342.0
633,911,898,5347.0
634,906,901,5352.0
635,905,908,5357.0
636,906,911,5362.0
637,902,917,5367.0
638,903,915,5372.0
639,906,917,5377.0
640,896,919,5382.0
641,894,925,5387.0
642,878,931,5392.0
643,865,938,5397.0
644,852,936,5402.0
645,836,939,5407.0
646,820,942,5412.0
647,818,944,5417.0
648,815,944,5422.0
649,808,942,5427.0
650,805,943,5432.0
651,778,943,5437.0
652,745,935,5442.0
653,726,937,5447.0
654,691,935,5452.0
655,677,932,5457.0
656,675,936,5462.0
657,660,938,5467.0
658,611,946,5472.0
659,604,941,5477.0
660,579,942,5482.0
661,534,933,5487.0
662,508,937,5492.0
663,497,934,5497.0
664,481,940,5502.0
665,463,939,5507.0
666,432,931,5512.0
667,430,927,5517.0
668,407,924,5522.0
669,393,921,5527.0
670,374,917,5532.0
671,374,921,5537.0
672,360,923,5542.0
673,354,916,5547.0
674,332,910,5552.0
675,316,903,5557.0
676,292,892,5562.0
677,292,888,5567.0
678,262,867,5572.0
679,289,856,5577.0
680,278,823,5582.0
681,297,818,5587.0
682,298,802,5592.0
683,316,791,5597.0
684,328,771,5602.0
685,337,755,5607.0
686,337,744,5612.0
687,352,732,5617.0
688,362,722,5622.0
689,383,717,5627.0
690,399,718,5632.0
691,424,724,5637.0
692,418,715,5642.0
693,428,721,5647.0
694,453,705,5652.0
695,454,707,5657.0
696,465,709,5662.0
697,459,702,5667.0
698,462,704,5672.0
699,475,714,5677.0
700,485,718,5682.0
701,507,712,5687.0
702,533,727,5692.0
703,536,737,5697.0
704,561,746,5702.0
705,584,754,5707.0
706,609,770,5712.0
707,634,783,5717.0
708,641,799,5722.0
709,658,817,5727.0
710,679,845,5732.0
711,696,868,5737.0
712,716,881,5742.0
713,733,904,5747.0
714,745,913,5752.0
715,749,929,5757.0
716,743,935,5762.0
717,740,933,5767.0
718,759,929,5772.0
719,742,932,5777.0
720,759,928,5782.0
721,760,930,5787.0
722,757,928,5792.0
723,756,929,5797.0
724,754,926,5802.0
725,759,927,5807.0
726,761,930,5812.0
727,734,936,5817.0
728,679,930,5822.0
729,622,938,5827.0
730,611,943,5832.0
731,595,951,5837.0
732,542,954,5842.0
733,498,950,5847.0
734,474,951,5852.0
735,467,943,5857.0
736,450,935,5862.0
737,417,938,5867.0
738,393,944,5872.0
739,372,939,5877.0
740,363,942,5882.0
741,366,919,5887.0
742,366,916,5892.0
743,371,908,5897.0
744,369,903,5902.0
745,353,903,5907.0
746,335,907,5912.0
747,317,903,5917.0
748,289,892,5922.0
749,264,898,5927.0
750,231,889,5932.0
751,209,890,5937.0
752,179,886,5942.0
753,166,889,5947.0
754,159,889,5952.0
755,142,889,5957.0
756,130,890,5962.0
757,126,886,5967.0
758,123,879,5972.0
759,123,875,5977.0
760,123,876,5982.0
761,118,876,5987.0
762,118,876,5992.0
763,116,877,5997.0
764,117,878,6002.0
765,120,880,6007.0
766,118,883,6012.0
767,119,885,6017.0
768,115,889,6022.0
769,108,896,6027.0
770,104,897,6032.0
771,106,903,6037.0
772,105,912,6042.0
773,103,910,6047.0
774,96,910,6052.0
775,92,913,6057.0
776,90,915,6062.0
777,86,913,6067.0
778,82,912,6072.0
779,78,908,6077.0
780,76,909,6082.0
781,76,910,6087.0
782,75,909,6092.0
783,76,910,6097.0
784,74,909,6102.0
785,74,911,6107.0
786,72,911,6112.0
787,74,912,6117.0
788,73,918,6122.0
789,66,917,6127.0
790,73,923,6132.0
791,76,928,6137.0
792,62,930,6142.0
793,62,928,6147.0
794,63,929,6152.0
795,67,927,6157.0
796,69,925,6162.0
797,70,922,6167.0
798,70,922,6172.0
799,73,922,6177.0
800,66,913,6182.0
801,64,899,6187.0
802,65,894,6192.0
803,64,888,6197.0
804,60,891,6202.0
805,62,892,6207.0
806,60,885,6212.0
807,61,879,6217.0
808,59,854,6222.0
809,71,845,6227.0
810,63,802,6232.0
811,60,778,6237.0
812,60,714,6242.0
813,59,712,6247.0
814,60,674,6252.0
815,55,643,6257.0
816,59,638,6262.0
817,53,612,6267.0
818,57,586,6272.0
819,58,545,6277.0
820,53,526,6282.0
821,52,509,6287.0
822,49,481,6292.0
823,53,463,6297.0
824,51,420,6302.0
825,53,399,6307.0
826,55,365,6312.0
827,52,344,6317.0
828,55,308,6322.0
829,48,270,6327.0
830,54,244,6332.0
831,50,211,6337.0
832,54,202,6342.0
833,54,179,6347.0
834,56,165,6352.0
835,57,166,6357.0
836,58,152,6362.0
837,57,132,6367.0
838,62,126,6372.0
839,64,114,6377.0
840,61,103,6382.0
841,67,95,6387.0
842,69,90,6392.0
843,72,78,6397.0
844,71,73,6402.0
845,72,74,6407.0
846,67,72,6412.0
847,70,73,6417.0
848,63,70,6422.0
849,61,70,6427.0
850,62,70,6432.0
851,62,69,6437.0
852,66,71,6442.0
853,61,69,6447.0
854,64,73,6452.0
855,62,71,6457.0
856,64,72,6462.0
857,63,74,6467.0
858,64,74,6472.0
859,68,76,6477.0
860,70,71,6482.0
861,74,71,6487.0
862,76,71,6492.0
863,82,71,6497.0
864,84,72,6502.0
865,92,66,6507.0
866,92,67,6512.0
867,91,69,6517.0
868,100,68,6522.0
869,104,67,6527.0
870,113,65,6532.0
871,122,65,6537.0
872,129,60,6542.0
873,138,59,6547.0
874,152,58,6552.0
875,164,52,6557.0
876,183,58,6562.0
877,188,57,6567.0
878,187,55,6572.0
879,187,58,6577.0
880,188,62,6582.0
881,189,64,6587.0
882,192,68,6592.0
883,193,70,6597.0
884,191,67,6602.0
885,198,70,6607.0
886,206,70,6612.0
887,207,68,6617.0
888,211,70,6622.0
889,210,69,6627.0
890,216,68,6632.0
891,226,73,6637.0
892,235,70,6642.0
893,229,77,6647.0
894,232,83,6652.0
895,231,84,6657.0
896,218,87,6662.0
897,226,93,6667.0
898,221,101,6672.0
899,227,108,6677.0
900,229,99,6682.0
901,257,117,6687.0
902,271,131,6692.0
903,280,140,6697.0
904,277,150,6702.0
905,269,162,6707.0
906,269,165,6712.0
907,267,172,6717.0
908,263,195,6722.0
909,291,215,6727.0
910,284,241,6732.0
911,272,260,6737.0
912,271,288,6742.0
913,277,308,6747.0
914,269,315,6752.0
915,256,334,6757.0
916,243,356,6762.0
917,239,381,6767.0
918,229,387,6772.0
919,206,409,6777.0
920,197,419,6782.0
921,164,433,6787.0
922,136,447,6792.0
923,113,446,6797.0
924,96,456,6802.0
925,78,462,6807.0
926,70,456,6812.0
927,71,450,6817.0
928,77,461,6822.0
929,74,462,6827.0
930,80,462,6832.0
931,76,463,6837.0
932,84,466,6842.0
933,86,462,6847.0
934,85,458,6852.0
935,85,454,6857.0
936,80,456,6862.0
937,78,450,6867.0
938,79,451,6872.0
939,77,447,6877.0
940,73,449,6882.0
941,71,452,6887.0
942,68,464,6892.0
943,59,468,6897.0
944,62,447,6902.0
945,61,444,6907.0
946,55,426,6912.0
947,53,414,6917.0
948,56,395,6922.0
949,56,381,6927.0
950,48,371,6932.0
951,49,365,6937.0
952,46,356,6942.0
953,47,337,6947.0
954,49,323,6952.0
955,49,322,6957.0
956,57,327,6962.0
957,58,328,6967.0
958,59,301,6972.0
959,68,299,6977.0
960,68,285,6982.0
961,66,269,6987.0
962,70,263,6992.0
963,66,246,6997.0
964,73,248,7002.0
965,81,260,7007.0
966,90,245,7012.0
967,92,236,7017.0
968,94,215,7022.0
969,91,202,7027.0
970,96,186,7032.0
971,99,166,7037.0
972,110,158,7042.0
973,118,159,7047.0
974,126,139,7052.0
975,127,134,7057.0
976,125,116,7062.0
977,137,110,7067.0
978,139,99,7072.0
979,145,88,7077.0
980,143,82,7082.0
981,143,81,7087.0
982,143,80,7092.0
983,142,80,7097.0
984,145,79,7102.0
985,144,76,7107.0
986,147,82,7112.0
987,161,81,7117.0
988,178,77,7122.0
989,188,69,7127.0
990,194,67,7132.0
991,223,77,7137.0
992,252,78,7142.0
993,247,83,7147.0
994,239,91,7152.0
995,235,90,7157.0
996,234,87,7162.0
997,233,85,7167.0
998,231,88,7172.0
999,233,87,7177.0
1000,234,87,7182.0
1001,238,90,7187.0
1002,238,85,7192.0
1003,231,89,7197.0
1004,228,89,7202.0
1005,235,84,7207.0
1006,230,87,7212.0
1007,216,91,7217.0
1008,207,79,7222.0
1009,206,66,7227.0
1010,201,71,7232.0
1011,191,68,7237.0
1012,191,64,7242.0
1013,191,62,7247.0
1014,190,58,7252.0
1015,187,64,7257.0
1016,183,65,7262.0
1017,185,65,7267.0
1018,185,65,7272.0
1019,187,63,7277.0
1020,185,64,7282.0
1021,189,62,7287.0
1022,186,63,7292.0
1023,188,62,7297.0
1024,189,62,7302.0
1025,189,63,7307.0
1026,188,60,7312.0
1027,189,59,7317.0
1028,189,60,7322.0
1029,188,63,7327.0
1030,191,66,7332.0
1031,198,69,7337.0
1032,201,71,7342.0
1033,203,73,7347.0
1034,198,73,7352.0
1035,197,76,7357.0
1036,179,76,7362.0
1037,179,78,7367.0
1038,169,81,7372.0
1039,156,89,7377.0
1040,157,90,7382.0
1041,155,89,7387.0
1042,135,97,7392.0
1043,128,102,7397.0
1044,118,110,7402.0
1045,120,123,7407.0
1046,111,122,7412.0
1047,103,118,7417.0
1048,97,119,7422.0
1049,91,133,7427.0
1050,89,134,7432.0
1051,90,124,7437.0
1052,88,126,7442.0
1053,86,123,7447.0
1054,88,121,7452.0
1055,89,118,7457.0
1056,91,114,7462.0
1057,93,112,7467.0
1058,94,112,7472.0
1059,93,112,7477.0
1060,97,103,7482.0
1061,97,102,7487.0
1062,88,101,7492.0
1063,88,101,7497.0
1064,82,102,7502.0
1065,69,101,7507.0
1066,64,101,7512.0
1067,63,103,7517.0
1068,52,96,7522.0
1069,57,101,7527.0
1070,63,99,7532.0
1071,61,95,7537.0
1072,69,96,7542.0
1073,71,95,7547.0
1074,74,92,7552.0
1075,81,93,7557.0
1076,76,88,7562.0
1077,73,84,7567.0
1078,85,82,7572.0
1079,86,81,7577.0
1080,95,78,7582.0
1081,94,73,7587.0
1082,95,66,7592.0
1083,102,63,7597.0
1084,121,56,7602.0
1085,163,52,7607.0
1086,191,57,7612.0
1087,207,51,7617.0
1088,243,50,7622.0
1089,282,49,7627.0
1090,328,50,7632.0
1091,371,43,7637.0
1092,393,43,7642.0
1093,437,48,7647.0
1094,460,48,7652.0
1095,489,44,7657.0
1096,527,48,7662.0
1097,551,62,7667.0
1098,571,42,7672.0
1099,605,44,7677.0
1100,617,43,7682.0
1101,641,47,7687.0
1102,646,46,7692.0
1103,648,49,7697.0
1104,649,49,7702.0
1105,649,49,7707.0
1106,649,49,7712.0
1107,667,51,7717.0
1108,667,52,7722.0
1109,668,51,7727.0
1110,667,52,7732.0
1111,667,52,7737.0
1112,670,50,7742.0
1113,673,52,7747.0
1114,679,52,7752.0
1115,675,51,7757.0
1116,678,52,7762.0
1117,698,46,7767.0
1118,717,50,7772.0
1119,723,53,7777.0
1120,739,55,7782.0
1121,725,54,7787.0
1122,732,50,7792.0
1123,736,46,7797.0
1124,737,43,7802.0
1125,745,43,7807.0
1126,745,46,7812.0
1127,753,44,7817.0
1128,773,47,7822.0
1129,784,48,7827.0
1130,832,42,7832.0
1131,854,46,7837.0
1132,860,47,7842.0
1133,868,51,7847.0
1134,885,43,7852.0
1135,889,43,7857.0
1136,890,43,7862.0
1137,890,43,7867.0
1138,896,42,7872.0
1139,903,42,7877.0
1140,907,43,7882.0
1141,908,38,7887.0
1142,910,40,7892.0
1143,910,45,7897.0
1144,913,50,7902.0
1145,914,60,7907.0
1146,916,65,7912.0
1147,918,72,7917.0
1148,921,75,7922.0
1149,927,75,7927.0
1150,928,79,7932.0
1151,934,82,7937.0
1152,933,82,7942.0
1153,937,87,7947.0
1154,935,96,7952.0
1155,938,106,7957.0
1156,936,125,7962.0
1157,937,139,7967.0
1158,937,140,7972.0
1159,935,166,7977.0
1160,933,173,7982.0
1161,937,197,7987.0
1162,933,217,7992.0
1163,928,229,7997.0
1164,922,234,8002.0
1165,924,257,8007.0
1166,927,264,8012.0
1167,923,270,8017.0
1168,930,274,8022.0
1169,930,275,8027.0
1170,925,285,8032.0
1171,924,287,8037.0
1172,924,287,8042.0
1173,924,287,8047.0
1174,925,283,8052.0
1175,925,287,8057.0
1176,924,287,8062.0
1177,925,283,8067.0
1178,924,287,8072.0
1179,924,288,8077.0
1180,924,288,8082.0
1181,924,287,8087.0
1182,924,287,8092.0
1183,924,287,8097.0
1184,929,277,8102.0
1185,930,277,8107.0
1186,925,283,8112.0
1187,924,288,8117.0
1188,926,282,8122.0
1189,926,281,8127.0
1190,920,286,8132.0
1191,921,271,8137.0
1192,920,276,8142.0
1193,924,278,8147.0
1194,930,263,8152.0
1195,930,265,8157.0
1196,929,266,8162.0
1197,927,276,8167.0
1198,921,282,8172.0
1199,924,286,8177.0
1200,921,298,8182.0
1201,922,300,8187.0
1202,916,310,8192.0
1203,917,313,8197.0
1204,919,318,8202.0
1205,920,320,8207.0
1206,923,329,8212.0
1207,936,348,8217.0
1208,934,385,8222.0
1209,938,407,8227.0
1210,936,435,8232.0
1211,939,472,8237.0
1212,941,501,8242.0
1213,942,540,8247.0
1214,939,550,8252.0
1215,939,570,8257.0
1216,941,600,8262.0
1217,939,617,8267.0
1218,942,652,8272.0
1219,943,673,8277.0
1220,944,699,8282.0
1221,941,732,8287.0
1222,943,754,8292.0
1223,946,780,8297.0
1224,944,783,8302.0
1225,943,793,8307.0
1226,946,802,8312.0
1227,946,805,8317.0
1228,944,823,8322.0
1229,940,828,8327.0
1230,941,828,8332.0
1231,942,831,8337.0
1232,941,840,8342.0
1233,940,852,8347.0
1234,937,853,8352.0
1235,939,856,8357.0
1236,937,853,8362.0
1237,938,857,8367.0
1238,934,852,8372.0
1239,935,851,8377.0
1240,935,854,8382.0
1241,936,861,8387.0
1242,932,860,8392.0
1243,930,857,8397.0
1244,926,856,8402.0
1245,928,859,8407.0
1246,925,865,8412.0
1247,924,865,8417.0
1248,923,866,8422.0
1249,923,866,8427.0
1250,923,865,8432.0
1251,924,866,8437.0
1252,923,867,8442.0
1253,922,867,8447.0
1254,922,870,8452.0
1255,923,866,8457.0
1256,923,866,8462.0
1257,923,868,8467.0
1258,926,865,8472.0
1259,926,868,8477.0
1260,925,865,8482.0
1261,921,872,8487.0
1262,917,884,8492.0
1263,913,885,8497.0
1264,910,892,8502.0
1265,908,896,8507.0
1266,905,901,8512.0
1267,904,905,8517.0
1268,904,907,8522.0
1269,903,911,8527.0
1270,911,918,8532.0
1271,911,923,8537.0
1272,914,926,8542.0
1273,913,918,8547.0
1274,904,915,8552.0
1275,909,916,8557.0
1276,902,918,8562.0
1277,894,915,8567.0
1278,886,923,8572.0
1279,883,919,8577.0
1280,883,919,8582.0
1281,884,921,8587.0
1282,886,920,8592.0
1283,886,920,8597.0
1284,885,921,8602.0
1285,885,921,8607.0
1286,886,921,8612.0
1287,886,923,8617.0
1288,886,923,8622.0
1289,885,924,8627.0
1290,885,925,8632.0
1291,889,921,8637.0
1292,886,920,8642.0
1293,869,929,8647.0
1294,859,930,8652.0
1295,837,928,8657.0
1296,814,934,8662.0
1297,794,934,8667.0
1298,781,939,8672.0
1299,762,937,8677.0
1300,749,945,8682.0
1301,742,945,8687.0
1302,729,944,8692.0
1303,713,944,8697.0
1304,709,944,8702.0
1305,708,945,8707.0
1306,711,946,8712.0
1307,710,939,8717.0
1308,708,936,8722.0
1309,706,936,8727.0
1310,706,930,8732.0
1311,709,926,8737.0
1312,717,909,8742.0
1313,707,891,8747.0
1314,693,874,8752.0
1315,698,851,8757.0
1316,692,835,8762.0
1317,698,825,8767.0
1318,703,810,8772.0
1319,708,801,8777.0
1320,726,780,8782.0
1321,736,766,8787.0
1322,749,743,8792.0
1323,759,726,8797.0
1324,790,688,8802.0
1325,804,672,8807.0
1326,830,654,8812.0
1327,842,639,8817.0
1328,857,625,8822.0
1329,870,613,8827.0
1330,875,621,8832.0
1331,882,630,8837.0
1332,888,631,8842.0
1333,902,655,8847.0
1334,909,642,8852.0
1335,913,652,8857.0
1336,912,646,8862.0
1337,922,640,8867.0
1338,921,642,8872.0
1339,924,647,8877.0
1340,924,647,8882.0
1341,923,635,8887.0
1342,923,636,8892.0
1343,927,628,8897.0
1344,924,638,8902.0
1345,927,623,8907.0
1346,928,616,8912.0
1347,929,605,8917.0
1348,930,603,8922.0
1349,930,604,8927.0
1350,936,602,8932.0
1351,940,594,8937.0
1352,938,551,8942.0
1353,947,516,8947.0
1354,950,480,8952.0
1355,950,455,8957.0
1356,950,395,8962.0
1357,950,378,8967.0
1358,949,367,8972.0
1359,947,339,8977.0
1360,944,321,8982.0
1361,948,291,8987.0
1362,948,288,8992.0
1363,948,289,8997.0
1364,947,282,9002.0
1365,942,268,9007.0
1366,944,254,9012.0
1367,940,244,9017.0
1368,944,226,9022.0
1369,941,209,9027.0
1370,945,191,9032.0
1371,943,180,9037.0
1372,937,164,9042.0
1373,942,156,9047.0
1374,945,135,9052.0
1375,946,134,9057.0
1376,946,112,9062.0
1377,947,104,9067.0
1378,948,104,9072.0
1379,953,103,9077.0
1380,951,103,9082.0
1381,949,98,9087.0
1382,945,95,9092.0
1383,949,87,9097.0
1384,944,84,9102.0
1385,937,82,9107.0
1386,928,80,9112.0
1387,928,82,9117.0
1388,932,76,9122.0
1389,934,66,9127.0
1390,932,64,9132.0
1391,938,61,9137.0
1392,938,66,9142.0
1393,937,66,9147.0
1394,938,65,9152.0
1395,937,71,9157.0
1396,939,68,9162.0
1397,939,66,9167.0
1398,939,66,9172.0
1399,939,67,9177.0
1400,938,65,9182.0
1401,940,62,9187.0
1402,940,60,9192.0
1403,941,58,9197.0
1404,941,55,9202.0
1405,941,51,9207.0
1406,948,47,9212.0
1407,963,46,9217.0
1408,986,32,9222.0
1409,986,32,9227.0
1410,927,35,9232.0
1411,986,32,9237.0
1412,965,82,9242.0
1413,963,81,9247.0
1414,954,88,9252.0
1415,955,88,9257.0
1416,956,88,9262.0
1417,962,83,9267.0
1418,968,85,9272.0
1419,964,97,9277.0
1420,949,51,9282.0
1421,943,45,9287.0
1422,941,57,9292.0
1423,941,63,9297.0
1424,935,64,9302.0
1425,926,73,9307.0
1426,927,74,9312.0
1427,924,73,9317.0
1428,922,71,9322.0
1429,917,73,9327.0
1430,908,76,9332.0
1431,905,69,9337.0
1432,898,69,9342.0
1433,887,68,9347.0
1434,876,69,9352.0
1435,866,61,9357.0
1436,850,57,9362.0
1437,844,51,9367.0
1438,818,44,9372.0
1439,768,51,9377.0
1440,760,50,9382.0
1441,744,45,9387.0
1442,752,45,9392.0
1443,754,46,9397.0
1444,754,45,9402.0
1445,773,43,9407.0
1446,787,46,9412.0
1447,781,44,9417.0
1448,791,41,9422.0
1449,800,42,9427.0
1450,788,44,9432.0
1451,787,45,9437.0
1452,776,45,9442.0
1453,757,46,9447.0
1454,753,45,9452.0
1455,744,46,9457.0
1456,740,42,9462.0
1457,717,45,9467.0
1458,685,52,9472.0
1459,667,46,9477.0
1460,642,43,9482.0
1461,630,43,9487.0
1462,597,37,9492.0
1463,562,41,9497.0
1464,566,38,9502.0
1465,548,40,9507.0
1466,529,36,9512.0
1467,509,38,9517.0
1468,478,37,9522.0
1469,463,38,9527.0
1470,441,46,9532.0
1471,407,45,9537.0
1472,357,43,9542.0
1473,338,44,9547.0
1474,306,40,9552.0
1475,276,46,9557.0
1476,255,48,9562.0
1477,243,44,9567.0
1478,211,42,9572.0
1479,195,43,9577.0
1480,174,38,9582.0
1481,152,42,9587.0
1482,132,42,9592.0
1483,124,41,9597.0
1484,109,40,9602.0
1485,107,38,9607.0
1486,107,38,9612.0
1487,120,36,9617.0
1488,119,36,9622.0
1489,126,41,9627.0
1490,129,42,9632.0
1491,127,38,9637.0
1492,126,38,9642.0
1493,119,34,9647.0
1494,118,34,9652.0
1495,117,31,9657.0
1496,106,26,9662.0
1497,108,28,9667.0
1498,108,28,9672.0
1499,96,33,9677.0
1500,94,32,9682.0
1501,90,27,9687.0
1502,89,29,9692.0
1503,99,34,9697.0
1504,102,36,9702.0
1505,99,35,9707.0
1506,97,35,9712.0
1507,97,35,9717.0
1508,96,35,9722.0
1509,94,36,9727.0
1510,85,35,9732.0
1511,82,37,9737.0
1512,69,41,9742.0
1513,85,35,9747.0
1514,87,34,9752.0
1515,73,41,9757.0
1516,71,43,9762.0
1517,75,37,9767.0
1518,75,37,9772.0
1519,75,46,9777.0
1520,78,53,9782.0
1521,85,69,9787.0
1522,78,78,9792.0
1523,72,91,9797.0
1524,64,110,9802.0
1525,54,131,9807.0
1526,53,181,9812.0
1527,50,232,9817.0
1528,49,304,9822.0
1529,50,361,9827.0
1530,43,419,9832.0
1531,45,451,9837.0
1532,43,465,9842.0
1533,38,517,9847.0
1534,39,557,9852.0
1535,41,590,9857.0
1536,42,644,9862.0
1537,42,686,9867.0
1538,41,685,9872.0
1539,43,699,9877.0
1540,42,730,9882.0
1541,41,765,9887.0
1542,36,779,9892.0
1543,40,786,9897.0
1544,38,805,9902.0
1545,37,788,9907.0
1546,35,785,9912.0
1547,34,763,9917.0
1548,35,764,9922.0
1549,34,769,9927.0
1550,34,768,9932.0
1551,34,762,9937.0
1552,34,769,9942.0
1553,33,764,9947.0
1554,34,769,9952.0
1555,36,786,9957.0
1556,42,786,9962.0
1557,48,808,9967.0
1558,49,812,9972.0
1559,50,832,9977.0
1560,53,842,9982.0
1561,49,850,9987.0
1562,45,858,9992.0
1563,43,860,9997.0
1564,43,867,10002.0
1565,43,869,10007.0
1566,40,872,10012.0
1567,41,868,10017.0
1568,43,881,10022.0
1569,45,884,10027.0
1570,46,884,10032.0
1571,50,898,10037.0
1572,53,902,10042.0
1573,48,901,10047.0
1574,40,904,10052.0
1575,36,900,10057.0
1576,33,902,10062.0
1577,29,918,10067.0
1578,30,922,10072.0
1579,28,931,10077.0
1580,29,938,10082.0
1581,28,933,10087.0
1582,29,934,10092.0
1583,30,935,10097.0
1584,30,934,10102.0
1585,30,935,10107.0
1586,31,936,10112.0
1587,32,940,10117.0
1588,32,936,10122.0
1589,19,967,10127.0
1590,30,942,10132.0
1591,31,940,10137.0
1592,32,944,10142.0
1593,33,937,10147.0
1594,33,937,10152.0
1595,31,926,10157.0
1596,36,904,10162.0
1597,36,903,10167.0
1598,36,903,10172.0
1599,32,924,10177.0
1600,32,921,10182.0
1601,34,923,10187.0
1602,37,912,10192.0
1603,34,913,10197.0
1604,48,916,10202.0
1605,50,919,10207.0
1606,50,919,10212.0
1607,53,928,10217.0
1608,61,929,10222.0
1609,65,935,10227.0
1610,70,939,10232.0
1611,72,937,10237.0
1612,80,935,10242.0
1613,86,930,10247.0
1614,93,935,10252.0
1615,82,939,10257.0
1616,80,943,10262.0
1617,80,941,10267.0
1618,79,939,10272.0
1619,78,940,10277.0
1620,77,943,10282.0
1621,76,942,10287.0
1622,76,944,10292.0
1623,76,943,10297.0
1624,74,941,10302.0
1625,76,945,10307.0
1626,77,943,10312.0
1627,76,944,10317.0
1628,76,945,10322.0
1629,77,944,10327.0
1630,77,943,10332.0
1631,77,943,10337.0
1632,77,943,10342.0
1633,77,943,10347.0
1634,77,943,10352.0
1635,78,943,10357.0
1636,77,943,10362.0
1637,77,943,10367.0
1638,77,943,10372.0
1639,77,943,10377.0
1640,77,943,10382.0
1641,79,942,10387.0
1642,78,943,10392.0
1643,79,942,10397.0
1644,78,943,10402.0
1645,78,943,10407.0
1646,80,941,10412.0
1647,80,940,10417.0
1648,83,938,10422.0
1649,82,938,10427.0
1650,82,938,10432.0
1651,96,931,10437.0
1652,99,927,10442.0
1653,97,929,10447.0
1654,99,930,10452.0
1655,102,930,10457.0
1656,96,935,10462.0
1657,97,935,10467.0
1658,99,935,10472.0
1659,99,936,10477.0
1660,96,937,10482.0
1661,96,938,10487.0
1662,95,938,10492.0
1663,94,941,10497.0
1664,91,942,10502.0
1665,94,941,10507.0
1666,92,940,10512.0
1667,94,940,10517.0
1668,100,939,10522.0
1669,100,939,10527.0
1670,99,939,10532.0
1671,96,939,10537.0
1672,92,943,10542.0
1673,92,942,10547.0
1674,91,943,10552.0
1675,91,943,10557.0
1676,91,943,10562.0
1677,90,943,10567.0
1678,93,943,10572.0
1679,97,939,10577.0
1680,88,944,10582.0
1681,85,946,10587.0
1682,80,947,10592.0
1683,76,948,10597.0
1684,66,944,10602.0
1685,51,946,10607.0
1686,51,947,10612.0
1687,51,947,10617.0
1688,51,947,10622.0
1689,51,946,10627.0
1690,60,945,10632.0
1691,64,944,10637.0
1692,67,939,10642.0
1693,66,940,10647.0
1694,69,939,10652.0
1695,67,940,10657.0
1696,68,941,10662.0
1697,67,941,10667.0
1698,67,940,10672.0
1699,69,940,10677.0
1700,69,940,10682.0
1701,69,940,10687.0
1702,69,941,10692.0
1703,67,940,10697.0
1704,68,941,10702.0
1705,67,940,10707.0
1706,68,942,10712.0
1707,66,943,10717.0
1708,68,942,10722.0
1709,68,941,10727.0
1710,70,941,10732.0
1711,71,941,10737.0
1712,72,941,10742.0
1713,75,939,10747.0
1714,84,931,10752.0
1715,94,930,10757.0
1716,88,930,10762.0
1717,104,920,10767.0
1718,108,920,10772.0
1719,112,921,10777.0
1720,116,920,10782.0
1721,121,917,10787.0
1722,128,914,10792.0
1723,137,918,10797.0
1724,158,917,10802.0
1725,167,916,10807.0
1726,179,917,10812.0
1727,173,923,10817.0
1728,181,921,10822.0
1729,195,927,10827.0
1730,207,926,10832.0
1731,213,920,10837.0
1732,226,924,10842.0
1733,229,925,10847.0
1734,233,928,10852.0
1735,245,929,10857.0
1736,270,935,10862.0
1737,266,939,10867.0
1738,265,943,10872.0
1739,267,945,10877.0
1740,299,943,10882.0
1741,310,939,10887.0
1742,312,934,10892.0
1743,329,929,10897.0
1744,357,926,10902.0
1745,375,923,10907.0
1746,395,931,10912.0
1747,418,929,10917.0
1748,465,933,10922.0
1749,481,941,10927.0
1750,500,938,10932.0
1751,516,942,10937.0
1752,532,945,10942.0
1753,548,945,10947.0
1754,596,953,10952.0
1755,604,951,10957.0
1756,654,950,10962.0
1757,697,949,10967.0
1758,725,951,10972.0
1759,759,946,10977.0
1760,778,946,10982.0
1761,826,950,10987.0
1762,862,942,10992.0
1763,874,938,10997.0
1764,902,947,11002.0
1765,896,954,11007.0
1766,897,954,11012.0
1767,897,954,11017.0
1768,899,956,11022.0
1769,898,954,11027.0
1770,902,957,11032.0
1771,902,957,11037.0
1772,903,957,11042.0
1773,906,956,11047.0
1774,906,956,11052.0
1775,909,962,11057.0
1776,909,962,11062.0
1777,909,962,11067.0
1778,909,962,11072.0
1779,913,963,11077.0
1780,912,963,11082.0
1781,912,963,11087.0
1782,912,963,11092.0
1783,905,964,11097.0
1784,902,957,11102.0
1785,899,956,11107.0
1786,897,953,11112.0
1787,906,946,11117.0
1788,907,946,11122.0
1789,906,947,11127.0
1790,906,947,11132.0
1791,906,946,11137.0
1792,906,946,11142.0
1793,906,946,11147.0
1794,904,948,11152.0
1795,906,946,11157.0
1796,910,937,11162.0
1797,913,921,11167.0
1798,921,918,11172.0
1799,934,900,11177.0
1800,933,874,11182.0
1801,948,856,11187.0
1802,940,820,11192.0
1803,944,786,11197.0
1804,952,778,11202.0
1805,951,746,11207.0
1806,948,739,11212.0
1807,962,720,11217.0
1808,961,704,11222.0
1809,950,661,11227.0
1810,953,649,11232.0
1811,952,620,11237.0
1812,952,569,11242.0
1813,953,545,11247.0
1814,952,519,11252.0
1815,949,479,11257.0
1816,947,441,11262.0
1817,951,391,11267.0
1818,950,374,11272.0
1819,945,355,11277.0
1820,941,319,11282.0
1821,942,306,11287.0
1822,946,279,11292.0
1823,946,267,11297.0
1824,947,259,11302.0
1825,946,262,11307.0
1826,951,271,11312.0
1827,956,279,11317.0
1828,959,281,11322.0
1829,958,281,11327.0
1830,957,281,11332.0
1831,960,289,11337.0
1832,958,279,11342.0
1833,960,301,11347.0
1834,962,306,11352.0
1835,960,297,11357.0
1836,954,311,11362.0
1837,951,321,11367.0
1838,955,318,11372.0
1839,951,322,11377.0
1840,953,315,11382.0
1841,953,317,11387.0
1842,953,314,11392.0
1843,947,325,11397.0
1844,946,310,11402.0
1845,946,310,11407.0
1846,947,297,11412.0
1847,946,289,11417.0
1848,943,287,11422.0
1849,942,286,11427.0
1850,938,266,11432.0
1851,943,250,11437.0
1852,936,233,11442.0
1853,940,211,11447.0
1854,944,205,11452.0
1855,947,197,11457.0
1856,945,191,11462.0
1857,945,186,11467.0
1858,947,177,11472.0
1859,947,167,11477.0
1860,946,165,11482.0
1861,947,164,11487.0
1862,942,140,11492.0
1863,944,133,11497.0
1864,938,125,11502.0
1865,939,110,11507.0
1866,932,106,11512.0
1867,933,104,11517.0
1868,935,102,11522.0
1869,938,104,11527.0
1870,936,105,11532.0
1871,933,104,11537.0
1872,932,106,11542.0
1873,936,110,11547.0
1874,938,113,11552.0
1875,937,113,11557.0
1876,937,112,11562.0
1877,941,107,11567.0
1878,943,110,11572.0
1879,934,117,11577.0
1880,936,124,11582.0
1881,936,127,11587.0
1882,937,128,11592.0
1883,935,125,11597.0
1884,933,125,11602.0
1885,937,131,11607.0
1886,929,137,11612.0
1887,929,155,11617.0
1888,925,172,11622.0
1889,916,214,11627.0
1890,916,227,11632.0
1891,928,266,11637.0
1892,935,270,11642.0
1893,934,271,11647.0
1894,934,271,11652.0
1895,934,271,11657.0
1896,933,276,11662.0
1897,931,274,11667.0
1898,928,279,11672.0
1899,931,274,11677.0
1900,928,289,11682.0
1901,928,310,11687.0
1902,933,341,11692.0
1903,935,345,11697.0
1904,933,394,11702.0
1905,940,436,11707.0
1906,936,465,11712.0
1907,944,483,11717.0
1908,938,533,11722.0
1909,939,545,11727.0
1910,939,558,11732.0
1911,941,593,11737.0
1912,941,597,11742.0
1913,949,583,11747.0
1914,950,593,11752.0
1915,950,593,11757.0
1916,950,593,11762.0
1917,948,594,11767.0
1918,948,594,11772.0
1919,946,584,11777.0
1920,949,584,11782.0
1921,950,567,11787.0
1922,948,584,11792.0
1923,948,567,11797.0
1924,946,586,11802.0
1925,946,573,11807.0
1926,947,587,11812.0
1927,947,587,11817.0
1928,950,567,11822.0
1929,950,568,11827.0
1930,950,568,11832.0
1931,952,570,11837.0
1932,952,567,11842.0
1933,951,568,11847.0
1934,953,567,11852.0
1935,950,568,11857.0
1936,953,566,11862.0
1937,956,570,11867.0
1938,953,572,11872.0
1939,954,574,11877.0
1940,954,575,11882.0
1941,954,573,11887.0
1942,954,574,11892.0
1943,953,572,11897.0
1944,953,570,11902.0
1945,953,573,11907.0
1946,953,572,11912.0
1947,954,574,11917.0
1948,951,569,11922.0
1949,953,574,11927.0
1950,954,558,11932.0
1951,952,565,11937.0
1952,955,577,11942.0
1953,952,568,11947.0
1954,953,572,11952.0
1955,951,578,11957.0
1956,949,570,11962.0
1957,944,595,11967.0
1958,944,592,11972.0
1959,933,587,11977.0
1960,933,606,11982.0
1961,929,605,11987.0
1962,924,601,11992.0
1963,926,601,11997.0
1964,923,600,12002.0
1965,910,589,12007.0
1966,902,583,12012.0
1967,898,574,12017.0
1968,896,574,12022.0
1969,885,573,12027.0
1970,882,570,12032.0
1971,877,573,12037.0
1972,879,558,12042.0
1973,872,552,12047.0
1974,873,551,12052.0
1975,866,544,12057.0
1976,867,543,12062.0
1977,867,531,12067.0
1978,863,523,12072.0
1979,858,523,12077.0
1980,865,544,12082.0
1981,870,551,12087.0
1982,876,563,12092.0
1983,880,568,12097.0
1984,879,580,12102.0
1985,882,580,12107.0
1986,886,584,12112.0
1987,874,595,12117.0
1988,863,617,12122.0
1989,844,629,12127.0
1990,817,625,12132.0
1991,779,648,12137.0
1992,748,672,12142.0
1993,722,673,12147.0
1994,677,682,12152.0
1995,651,694,12157.0
1996,628,697,12162.0
1997,611,709,12167.0
1998,591,706,12172.0
1999,565,711,12177.0
2000,525,730,12182.0
2001,506,737,12187.0
2002,483,752,12192.0
2003,448,755,12197.0
2004,381,764,12202.0
2005,329,775,12207.0
2006,281,779,12212.0
2007,245,781,12217.0
2008,220,790,12222.0
2009,194,796,12227.0
2010,154,815,12232.0
2011,129,802,12237.0
2012,117,803,12242.0
2013,109,805,12247.0
2014,106,795,12252.0
2015,101,798,12257.0
2016,88,807,12262.0
2017,82,812,12267.0
2018,81,814,12272.0
2019,82,816,12277.0
2020,82,819,12282.0
2021,82,825,12287.0
2022,78,828,12292.0
2023,74,825,12297.0
2024,71,817,12302.0
2025,70,819,12307.0
2026,64,825,12312.0
2027,66,833,12317.0
2028,64,837,12322.0
2029,67,842,12327.0
2030,66,850,12332.0
2031,67,857,12337.0
2032,66,874,12342.0
2033,61,882,12347.0
2034,63,890,12352.0
2035,60,893,12357.0
2036,58,890,12362.0
2037,56,889,12367.0
2038,56,888,12372.0
2039,58,894,12377.0
2040,58,895,12382.0
2041,59,900,12387.0
2042,57,905,12392.0
2043,60,909,12397.0
2044,60,911,12402.0
2045,58,910,12407.0
2046,55,903,12412.0
2047,54,902,12417.0
2048,54,902,12422.0
2049,54,901,12427.0
2050,54,901,12432.0
2051,53,900,12437.0
2052,53,900,12442.0
2053,51,896,12447.0
2054,53,900,12452.0
2055,51,898,12457.0
2056,51,895,12462.0
2057,51,896,12467.0
2058,51,895,12472.0
2059,51,896,12477.0
2060,51,895,12482.0
2061,49,894,12487.0
2062,50,895,12492.0
2063,51,895,12497.0
2064,51,895,12502.0
2065,50,895,12507.0
2066,49,894,12512.0
2067,49,894,12517.0
2068,49,894,12522.0
2069,49,893,12527.0
2070,49,893,12532.0
2071,49,893,12537.0
2072,49,893,12542.0
2073,49,893,12547.0
2074,49,893,12552.0
2075,49,893,12557.0
2076,49,893,12562.0
2077,49,893,12567.0
2078,49,894,12572.0
2079,49,894,12577.0
2080,49,893,12582.0
2081,49,893,12587.0
2082,49,894,12592.0
2083,49,893,12597.0
2084,49,894,12602.0
2085,49,894,12607.0
2086,48,894,12612.0
2087,48,894,12617.0
2088,48,893,12622.0
2089,48,893,12627.0
2090,48,894,12632.0
2091,48,893,12637.0
2092,44,894,12642.0
2093,45,894,12647.0
2094,45,894,12652.0
2095,47,893,12657.0
2096,44,894,12662.0
2097,44,894,12667.0
2098,48,893,12672.0
2099,45,894,12677.0
2100,44,894,12682.0
2101,47,893,12687.0
2102,47,893,12692.0
2103,46,893,12697.0
2104,46,892,12702.0
2105,47,892,12707.0
2106,47,892,12712.0
2107,47,892,12717.0
2108,45,893,12722.0
2109,46,892,12727.0
2110,46,892,12732.0
2111,46,892,12737.0
2112,47,892,12742.0
2113,47,892,12747.0
2114,46,892,12752.0
2115,46,892,12757.0
2116,46,893,12762.0
2117,46,893,12767.0
2118,45,894,12772.0
2119,45,894,12777.0
2120,45,894,12782.0
2121,45,896,12787.0
2122,46,894,12792.0
2123,46,893,12797.0
2124,44,890,12802.0
2125,46,893,12807.0
2126,45,894,12812.0
2127,46,893,12817.0
2128,49,890,12822.0
2129,47,893,12827.0
2130,45,893,12832.0
2131,45,893,12837.0
2132,45,894,12842.0
2133,43,889,12847.0
2134,43,886,12852.0
2135,45,892,12857.0
2136,45,893,12862.0
2137,48,895,12867.0
2138,48,894,12872.0
2139,50,891,12877.0
2140,55,901,12882.0
2141,54,900,12887.0
2142,50,893,12892.0
2143,49,893,12897.0
2144,49,893,12902.0
2145,49,893,12907.0
2146,49,892,12912.0
2147,53,895,12917.0
2148,59,895,12922.0
2149,61,897,12927.0
2150,67,899,12932.0
2151,68,900,12937.0
2152,70,901,12942.0
2153,70,900,12947.0
2154,70,899,12952.0
2155,69,900,12957.0
2156,70,899,12962.0
2157,69,900,12967.0
2158,70,900,12972.0
2159,70,900,12977.0
2160,75,897,12982.0
2161,77,899,12987.0
2162,82,905,12992.0
2163,85,903,12997.0
2164,92,908,13002.0
2165,98,905,13007.0
2166,104,911,13012.0
2167,111,909,13017.0
2168,113,909,13022.0
2169,113,912,13027.0
2170,113,912,13032.0
2171,116,911,13037.0
2172,114,910,13042.0
2173,121,911,13047.0
2174,122,912,13052.0
2175,129,908,13057.0
2176,131,910,13062.0
2177,136,911,13067.0
2178,130,920,13072.0
2179,128,923,13077.0
2180,131,927,13082.0
2181,151,936,13087.0
2182,163,934,13092.0
2183,162,933,13097.0
2184,163,934,13102.0
2185,165,933,13107.0
2186,177,934,13112.0
2187,165,939,13117.0
2188,163,948,13122.0
2189,144,958,13127.0
2190,137,963,13132.0
2191,127,966,13137.0
2192,121,972,13142.0
2193,168,967,13157.0
2194,167,968,13162.0
2195,159,966,13167.0
2196,161,962,13172.0
2197,160,961,13177.0
2198,171,951,13182.0
2199,181,939,13187.0
2200,141,928,13192.0
2201,160,945,13197.0
2202,160,947,13202.0
2203,159,944,13207.0
2204,151,947,13212.0
2205,125,939,13217.0
2206,115,928,13222.0
2207,97,927,13227.0
2208,89,933,13232.0
2209,78,932,13237.0
2210,75,925,13242.0
2211,76,919,13247.0
2212,75,911,13252.0
2213,71,905,13257.0
2214,67,897,13262.0
2215,66,897,13267.0
2216,69,893,13272.0
2217,62,887,13277.0
2218,62,881,13282.0
2219,62,875,13287.0
2220,61,874,13292.0
2221,64,860,13297.0
2222,58,849,13302.0
2223,55,845,13307.0
2224,56,829,13312.0
2225,58,825,13317.0
2226,58,820,13322.0
2227,60,811,13327.0
2228,67,802,13332.0
2229,76,783,13337.0
2230,75,769,13342.0
2231,76,753,13347.0
2232,82,739,13352.0
2233,82,737,13357.0
2234,82,739,13362.0
2235,77,743,13367.0
2236,74,739,13372.0
2237,71,732,13377.0
2238,86,721,13382.0
2239,89,701,13387.0
2240,96,696,13392.0
2241,96,679,13397.0
2242,97,673,13402.0
2243,98,671,13407.0
2244,100,668,13412.0
2245,96,673,13417.0
2246,103,679,13422.0
2247,96,692,13427.0
2248,96,691,13432.0
2249,100,687,13437.0
2250,99,689,13442.0
2251,100,687,13447.0
2252,98,681,13452.0
2253,102,666,13457.0
2254,103,649,13462.0
2255,101,644,13467.0
2256,106,632,13472.0
2257,108,625,13477.0
2258,116,617,13482.0
2259,117,614,13487.0
2260,117,612,13492.0
2261,119,590,13497.0
2262,115,581,13502.0
2263,108,567,13507.0
2264,109,558,13512.0
2265,117,558,13517.0
2266,112,548,13522.0
2267,110,544,13527.0
2268,106,546,13532.0
2269,104,533,13537.0
2270,97,531,13542.0
2271,98,528,13547.0
2272,102,512,13552.0
2273,110,506,13557.0
2274,100,540,13562.0
2275,104,564,13567.0
2276,117,564,13572.0
2277,122,562,13577.0
2278,121,563,13582.0
2279,122,566,13587.0
2280,143,580,13592.0
2281,160,591,13597.0
2282,179,609,13602.0
2283,210,630,13607.0
2284,220,627,13612.0
2285,231,644,13617.0
2286,255,643,13622.0
2287,273,661,13627.0
2288,285,675,13632.0
2289,298,682,13637.0
2290,326,700,13642.0
2291,341,721,13647.0
2292,377,769,13652.0
2293,401,804,13657.0
2294,450,848,13662.0
2295,460,873,13667.0
2296,472,883,13672.0
2297,470,896,13677.0
2298,462,900,13682.0
2299,468,902,13687.0
2300,475,906,13692.0
2301,480,903,13697.0
2302,478,903,13702.0
2303,470,911,13707.0
2304,464,915,13712.0
2305,443,917,13717.0
2306,475,919,13722.0
2307,476,918,13727.0
2308,481,918,13732.0
2309,473,912,13737.0
2310,469,908,13742.0
2311,457,913,13747.0
2312,455,915,13752.0
2313,451,915,13757.0
2314,410,926,13762.0
2315,400,936,13767.0
2316,406,942,13772.0
2317,378,946,13777.0
2318,361,949,13782.0
2319,341,947,13787.0
2320,330,948,13792.0
2321,329,947,13797.0
2322,326,943,13802.0
2323,308,946,13807.0
2324,266,938,13812.0
2325,248,937,13817.0
2326,236,938,13822.0
2327,216,943,13827.0
2328,181,938,13832.0
2329,168,938,13837.0
2330,149,940,13842.0
2331,127,943,13847.0
2332,126,944,13852.0
2333,133,947,13857.0
2334,126,953,13862.0
2335,125,952,13867.0
2336,122,953,13872.0
2337,121,954,13877.0
2338,122,955,13882.0
2339,123,961,13887.0
2340,123,960,13892.0
2341,117,955,13897.0
2342,117,953,13902.0
2343,121,946,13907.0
2344,129,948,13912.0
2345,128,946,13917.0
2346,118,938,13922.0
2347,109,939,13927.0
2348,108,940,13932.0
2349,106,940,13937.0
2350,104,939,13942.0
2351,101,938,13947.0
2352,102,939,13952.0
2353,103,937,13957.0
2354,98,934,13962.0
2355,97,933,13967.0
2356,98,931,13972.0
2357,101,925,13977.0
2358,101,917,13982.0
2359,98,912,13987.0
2360,91,901,13992.0
2361,90,902,13997.0
2362,88,893,14002.0
2363,75,889,14007.0
2364,64,868,14012.0
2365,58,846,14017.0
2366,57,832,14022.0
2367,53,824,14027.0
2368,59,823,14032.0
2369,59,822,14037.0
2370,61,812,14042.0
2371,64,812,14047.0
2372,59,797,14052.0
2373,56,795,14057.0
2374,47,787,14062.0
2375,44,732,14067.0
2376,56,674,14072.0
2377,53,634,14077.0
2378,53,613,14082.0
2379,53,575,14087.0
2380,55,545,14092.0
2381,56,533,14097.0
2382,61,506,14102.0
2383,80,479,14107.0
2384,101,468,14112.0
2385,110,465,14117.0
2386,121,440,14122.0
2387,129,439,14127.0
2388,132,439,14132.0
2389,129,439,14137.0
2390,124,445,14142.0
2391,121,451,14147.0
2392,115,464,14152.0
2393,98,443,14157.0
2394,100,413,14162.0
2395,94,378,14167.0
2396,96,319,14172.0
2397,92,305,14177.0
2398,102,275,14182.0
2399,109,226,14187.0
2400,115,201,14192.0
2401,114,154,14197.0
2402,123,139,14202.0
2403,140,119,14207.0
2404,156,107,14212.0
2405,172,88,14217.0
2406,188,76,14222.0
2407,185,70,14227.0
2408,182,71,14232.0
2409,200,66,14237.0
2410,212,66,14242.0
2411,214,62,14247.0
2412,223,64,14252.0
2413,250,60,14257.0
2414,262,55,14262.0
2415,296,62,14267.0
2416,341,61,14272.0
2417,377,58,14277.0
2418,410,54,14282.0
2419,428,53,14287.0
2420,448,58,14292.0
2421,458,57,14297.0
2422,461,53,14302.0
2423,470,48,14307.0
2424,478,45,14312.0
2425,493,45,14317.0
2426,508,45,14322.0
2427,544,45,14327.0
2428,560,59,14332.0
2429,588,49,14337.0
2430,619,38,14342.0
2431,647,47,14347.0
2432,681,47,14352.0
2433,715,48,14357.0
2434,739,40,14362.0
2435,754,36,14367.0
2436,770,37,14372.0
2437,762,43,14377.0
2438,782,53,14382.0
2439,778,53,14387.0
2440,780,58,14392.0
2441,794,59,14397.0
2442,791,52,14402.0
2443,790,55,14407.0
2444,806,59,14412.0
2445,813,60,14417.0
2446,807,64,14422.0
2447,814,61,14427.0
2448,807,68,14432.0
2449,806,69,14437.0
2450,821,72,14442.0
2451,813,65,14447.0
2452,817,65,14452.0
2453,821,62,14457.0
2454,822,62,14462.0
2455,813,68,14467.0
2456,827,75,14472.0
2457,827,76,14477.0
2458,827,77,14482.0
2459,825,78,14487.0
2460,827,76,14492.0
2461,826,75,14497.0
2462,842,81,14502.0
2463,841,83,14507.0
2464,838,90,14512.0
2465,837,88,14517.0
2466,841,91,14522.0
2467,836,93,14527.0
2468,836,93,14532.0
2469,840,96,14537.0
2470,841,101,14542.0
2471,844,103,14547.0
2472,842,97,14552.0
2473,844,97,14557.0
2474,847,99,14562.0
2475,849,103,14567.0
2476,841,103,14572.0
2477,854,118,14577.0
2478,838,117,14582.0
2479,838,115,14587.0
2480,825,109,14592.0
2481,833,120,14597.0
2482,834,125,14602.0
2483,838,128,14607.0
2484,830,133,14612.0
2485,833,125,14617.0
2486,840,120,14622.0
2487,839,135,14627.0
2488,833,142,14632.0
2489,829,146,14637.0
2490,826,149,14642.0
2491,830,152,14647.0
2492,826,149,14652.0
2493,831,148,14657.0
2494,831,150,14662.0
2495,834,147,14667.0
2496,824,140,14672.0
2497,813,136,14677.0
2498,810,128,14682.0
2499,800,130,14687.0
2500,805,137,14692.0
2501,805,145,14697.0
2502,798,148,14702.0
2503,810,149,14707.0
2504,814,156,14712.0
2505,822,149,14717.0
2506,823,163,14722.0
2507,830,180,14727.0
2508,832,184,14732.0
2509,832,187,14737.0
2510,835,203,14742.0
2511,836,221,14747.0
2512,840,230,14752.0
2513,833,242,14757.0
2514,839,250,14762.0
2515,841,261,14767.0
2516,849,268,14772.0
2517,855,272,14777.0
2518,856,261,14782.0
2519,862,266,14787.0
2520,865,265,14792.0
2521,870,270,14797.0
2522,886,268,14802.0
2523,894,271,14807.0
2524,904,280,14812.0
2525,910,278,14817.0
2526,907,291,14822.0
2527,914,299,14827.0
2528,911,308,14832.0
2529,913,300,14837.0
2530,908,305,14842.0
2531,913,316,14847.0
2532,906,324,14852.0
2533,905,327,14857.0
2534,909,349,14862.0
2535,905,372,14867.0
2536,900,389,14872.0
2537,897,398,14877.0
2538,906,402,14882.0
2539,915,407,14887.0
2540,927,426,14892.0
2541,934,459,14897.0
2542,943,474,14902.0
2543,949,504,14907.0
2544,950,526,14912.0
2545,946,543,14917.0
2546,949,557,14922.0
2547,941,571,14927.0
2548,939,567,14932.0
2549,937,582,14937.0
2550,934,583,14942.0
2551,923,601,14947.0
2552,924,618,14952.0
2553,920,643,14957.0
2554,919,638,14962.0
2555,916,641,14967.0
2556,914,655,14972.0
2557,917,660,14977.0
2558,918,663,14982.0
2559,916,683,14987.0
2560,911,686,14992.0
2561,900,705,14997.0
2562,902,703,15002.0
2563,896,716,15007.0
2564,897,720,15012.0
2565,899,721,15017.0
2566,896,735,15022.0
2567,892,752,15027.0
2568,896,792,15032.0
2569,885,832,15037.0
2570,885,847,15042.0
2571,883,863,15047.0
2572,884,879,15052.0
2573,886,883,15057.0
2574,880,894,15062.0
2575,877,900,15067.0
2576,879,899,15072.0
2577,874,902,15077.0
2578,877,903,15082.0
2579,873,899,15087.0
2580,877,901,15092.0
2581,875,903,15097.0
2582,860,898,15102.0
2583,854,901,15107.0
2584,848,906,15112.0
2585,843,915,15117.0
2586,842,905,15122.0
2587,848,907,15127.0
2588,863,922,15132.0
2589,851,932,15137.0
2590,846,932,15142.0
2591,843,938,15147.0
2592,827,933,15152.0
2593,827,928,15157.0
2594,824,918,15162.0
2595,822,912,15167.0
2596,817,906,15172.0
2597,813,900,15177.0
2598,821,885,15182.0
2599,837,867,15187.0
2600,852,845,15192.0
2601,861,811,15197.0
2602,853,783,15202.0
2603,846,743,15207.0
2604,860,723,15212.0
2605,865,717,15217.0
2606,869,691,15222.0
2607,868,685,15227.0
2608,865,671,15232.0
2609,861,662,15237.0
2610,852,653,15242.0
2611,848,654,15247.0
2612,855,636,15252.0
2613,861,624,15257.0
2614,882,593,15262.0
2615,889,580,15267.0
2616,897,589,15272.0
2617,901,580,15277.0
2618,904,557,15282.0
2619,910,547,15287.0
2620,913,526,15292.0
2621,924,513,15297.0
2622,929,497,15302.0
2623,932,456,15307.0
2624,933,427,15312.0
2625,936,371,15317.0
2626,937,357,15322.0
2627,935,320,15327.0
2628,940,303,15332.0
2629,939,281,15337.0
2630,940,279,15342.0
2631,948,296,15347.0
2632,948,310,15352.0
2633,950,342,15357.0
2634,951,331,15362.0
2635,949,334,15367.0
2636,943,332,15372.0
2637,950,336,15377.0
2638,950,333,15382.0
2639,960,325,15387.0
2640,954,352,15392.0
2641,963,351,15397.0
2642,950,342,15402.0
2643,953,328,15407.0
2644,944,350,15412.0
2645,950,350,15417.0
2646,942,342,15422.0
2647,940,359,15427.0
2648,940,349,15432.0
2649,949,345,15437.0
2650,945,333,15442.0
2651,944,345,15447.0
2652,947,343,15452.0
2653,944,345,15457.0
2654,940,372,15462.0
2655,932,405,15467.0
2656,932,434,15472.0
2657,930,448,15477.0
2658,934,467,15482.0
2659,943,481,15487.0
2660,948,489,15492.0
2661,945,501,15497.0
2662,943,499,15502.0
2663,942,497,15507.0
2664,933,492,15512.0
2665,939,494,15517.0
2666,938,492,15522.0
2667,928,484,15527.0
2668,914,473,15532.0
2669,919,440,15537.0
2670,920,439,15542.0
2671,922,448,15547.0
2672,920,452,15552.0
2673,918,458,15557.0
2674,921,457,15562.0
2675,928,455,15567.0
2676,926,473,15572.0
2677,927,471,15577.0
2678,923,475,15582.0
2679,924,468,15587.0
2680,923,471,15592.0
2681,924,471,15597.0
2682,924,467,15602.0
2683,918,461,15607.0
2684,924,471,15612.0
2685,921,458,15617.0
2686,918,456,15622.0
2687,927,470,15627.0
2688,927,469,15632.0
2689,920,455,15637.0
2690,913,455,15642.0
2691,910,457,15647.0
2692,909,460,15652.0
2693,915,465,15657.0
2694,909,461,15662.0
2695,920,449,15667.0
2696,925,455,15672.0
2697,923,464,15677.0
2698,922,470,15682.0
2699,921,458,15687.0
2700,916,471,15692.0
2701,916,472,15697.0
2702,915,473,15702.0
2703,910,491,15707.0
2704,914,481,15712.0
2705,907,494,15717.0
2706,906,495,15722.0
2707,906,497,15727.0
2708,903,499,15732.0
2709,906,490,15737.0
2710,910,483,15742.0
2711,901,485,15747.0
2712,898,474,15752.0
2713,897,473,15757.0
2714,881,476,15762.0
2715,876,472,15767.0
2716,853,464,15772.0
2717,850,454,15777.0
2718,828,455,15782.0
2719,817,461,15787.0
2720,806,463,15792.0
2721,793,469,15797.0
2722,781,457,15802.0
2723,768,471,15807.0
2724,751,468,15812.0
2725,747,444,15817.0
2726,729,442,15822.0
2727,730,439,15827.0
2728,730,438,15832.0
2729,729,452,15837.0
2730,729,453,15842.0
2731,728,453,15847.0
2732,730,450,15852.0
2733,736,428,15857.0
2734,737,424,15862.0
2735,726,408,15867.0
2736,720,404,15872.0
2737,728,397,15877.0
2738,726,381,15882.0
2739,710,343,15887.0
2740,690,300,15892.0
2741,684,256,15897.0
2742,678,218,15902.0
2743,671,172,15907.0
2744,662,146,15912.0
2745,671,121,15917.0
2746,660,104,15922.0
2747,676,88,15927.0
2748,668,82,15932.0
2749,682,74,15937.0
2750,667,70,15942.0
2751,672,73,15947.0
2752,672,64,15952.0
2753,695,61,15957.0
2754,733,59,15962.0
2755,787,57,15967.0
2756,796,53,15972.0
2757,787,48,15977.0
2758,788,47,15982.0
2759,794,50,15987.0
2760,796,50,15992.0
2761,797,47,15997.0
2762,797,44,16002.0
2763,796,44,16007.0
2764,795,44,16012.0
2765,795,43,16017.0
2766,795,44,16022.0
2767,793,45,16027.0
2768,794,45,16032.0
2769,791,45,16037.0
2770,794,41,16042.0
2771,788,41,16047.0
2772,790,43,16052.0
2773,818,47,16057.0
2774,810,58,16062.0
2775,806,53,16067.0
2776,799,60,16072.0
2777,792,57,16077.0
2778,803,59,16082.0
2779,805,65,16087.0
2780,805,67,16092.0
2781,771,48,16097.0
2782,803,54,16102.0
2783,781,41,16107.0
2784,771,41,16112.0
2785,785,48,16117.0
2786,789,47,16122.0
2787,791,49,16127.0
2788,810,53,16132.0
2789,808,55,16137.0
2790,807,57,16142.0
2791,817,60,16147.0
2792,827,60,16152.0
2793,816,58,16157.0
2794,818,61,16162.0
2795,834,62,16167.0
2796,834,62,16172.0
2797,843,66,16177.0
2798,842,70,16182.0
2799,853,75,16187.0
2800,849,86,16192.0
2801,850,85,16197.0
2802,851,86,16202.0
2803,852,86,16207.0
2804,849,90,16212.0
2805,849,97,16217.0
2806,836,102,16222.0
2807,841,110,16227.0
2808,832,114,16232.0
2809,838,125,16237.0
2810,825,135,16242.0
2811,826,146,16247.0
2812,834,164,16252.0
2813,812,170,16257.0
2814,823,174,16262.0
2815,822,178,16267.0
2816,807,181,16272.0
2817,796,191,16277.0
2818,792,190,16282.0
2819,793,190,16287.0
2820,790,193,16292.0
2821,790,181,16297.0
2822,781,181,16302.0
2823,771,175,16307.0
2824,769,175,16312.0
2825,772,173,16317.0
2826,768,177,16322.0
2827,764,176,16327.0
2828,762,177,16332.0
2829,771,175,16337.0
2830,772,175,16342.0
2831,774,174,16347.0
2832,770,180,16352.0
2833,768,177,16357.0
2834,770,186,16362.0
2835,756,187,16367.0
2836,751,201,16372.0
2837,759,217,16377.0
2838,755,224,16382.0
2839,749,235,16387.0
2840,728,245,16392.0
2841,719,252,16397.0
2842,716,253,16402.0
2843,703,261,16407.0
2844,701,266,16412.0
2845,692,274,16417.0
2846,696,276,16422.0
2847,719,264,16427.0
2848,690,280,16432.0
2849,689,281,16437.0
2850,690,281,16442.0
2851,681,286,16447.0
2852,686,295,16452.0
2853,684,313,16457.0
2854,699,318,16462.0
2855,700,328,16467.0
2856,707,333,16472.0
2857,696,346,16477.0
2858,704,352,16482.0
2859,698,358,16487.0
2860,692,372,16492.0
2861,699,374,16497.0
2862,701,375,16502.0
2863,703,379,16507.0
2864,696,385,16512.0
2865,699,378,16517.0
2866,693,377,16522.0
2867,686,383,16527.0
2868,684,373,16532.0
2869,678,361,16537.0
2870,671,351,16542.0
2871,663,339,16547.0
2872,635,327,16552.0
2873,615,304,16557.0
2874,578,291,16562.0
2875,537,254,16567.0
2876,489,241,16572.0
2877,420,211,16577.0
2878,393,183,16582.0
2879,370,167,16587.0
2880,341,153,16592.0
2881,311,129,16597.0
2882,295,119,16602.0
2883,272,100,16607.0
2884,256,85,16612.0
2885,277,76,16617.0
2886,279,75,16622.0
2887,280,75,16627.0
2888,279,74,16632.0
2889,293,76,16637.0
2890,291,77,16642.0
2891,294,73,16647.0
2892,294,72,16652.0
2893,294,72,16657.0
2894,280,75,16662.0
2895,271,79,16667.0
2896,266,76,16672.0
2897,266,77,16677.0
2898,259,74,16682.0
2899,253,71,16687.0
2900,227,63,16692.0
2901,203,60,16697.0
2902,194,60,16702.0
2903,182,58,16707.0
2904,192,49,16712.0
2905,186,48,16717.0
2906,187,45,16722.0
2907,188,44,16727.0
2908,188,44,16732.0
2909,188,44,16737.0
2910,188,44,16742.0
2911,180,45,16747.0
2912,185,42,16752.0
2913,192,39,16757.0
2914,192,38,16762.0
2915,192,37,16767.0
2916,194,39,16772.0
2917,193,38,16777.0
2918,213,41,16782.0
2919,213,41,16787.0
2920,204,42,16792.0
2921,195,40,16797.0
2922,195,41,16802.0
2923,193,46,16807.0
2924,193,47,16812.0
2925,186,47,16817.0
2926,186,49,16822.0
2927,180,51,16827.0
2928,175,52,16832.0
2929,175,52,16837.0
2930,174,52,16842.0
2931,183,50,16847.0
2932,190,52,16852.0
2933,204,55,16857.0
2934,207,57,16862.0
2935,211,58,16867.0
2936,208,60,16872.0
2937,218,48,16877.0
2938,234,47,16882.0
2939,257,43,16887.0
2940,282,35,16892.0
2941,301,32,16897.0
2942,360,46,16902.0
2943,365,40,16907.0
2944,394,44,16912.0
2945,394,47,16917.0
2946,409,50,16922.0
2947,418,53,16927.0
2948,439,55,16932.0
2949,458,59,16937.0
2950,467,56,16942.0
2951,465,57,16947.0
2952,485,58,16952.0
2953,488,54,16957.0
2954,489,57,16962.0
2955,483,64,16967.0
2956,478,65,16972.0
2957,486,60,16977.0
2958,488,60,16982.0
2959,492,58,16987.0
2960,496,59,16992.0
2961,491,58,16997.0
2962,488,59,17002.0
2963,492,57,17007.0
2964,492,56,17012.0
2965,492,56,17017.0
2966,495,58,17022.0
2967,494,59,17027.0
2968,493,60,17032.0
2969,490,59,17037.0
2970,494,60,17042.0
2971,491,59,17047.0
2972,489,60,17052.0
2973,487,60,17057.0
2974,487,60,17062.0
2975,489,60,17067.0
2976,485,62,17072.0
2977,489,61,17077.0
2978,489,61,17082.0
2979,486,61,17087.0
2980,493,61,17092.0
2981,494,61,17097.0
2982,488,62,17102.0
2983,492,61,17107.0
2984,494,61,17112.0
2985,491,61,17117.0
2986,493,61,17122.0
2987,493,61,17127.0
2988,489,61,17132.0
2989,492,61,17137.0
2990,491,61,17142.0
2991,492,61,17147.0
2992,491,60,17152.0
2993,493,60,17157.0
2994,488,61,17162.0
2995,496,60,17167.0
2996,489,62,17172.0
2997,489,61,17177.0
2998,493,60,17182.0
2999,491,62,17187.0
3000,485,61,17192.0
3001,490,61,17197.0
3002,486,60,17202.0
3003,507,60,17207.0
3004,508,61,17212.0
3005,492,60,17217.0
3006,487,59,17222.0
3007,486,62,17227.0
3008,486,60,17232.0
3009,502,62,17237.0
3010,499,57,17242.0
3011,492,58,17247.0
3012,487,59,17252.0
3013,497,58,17257.0
3014,486,58,17262.0
3015,492,59,17267.0
3016,500,61,17272.0
3017,493,61,17277.0
3018,487,59,17282.0
3019,491,57,17287.0
3020,498,56,17292.0
3021,483,56,17297.0
3022,470,53,17302.0
3023,472,54,17307.0
3024,471,57,17312.0
3025,471,59,17317.0
3026,469,58,17322.0
3027,486,60,17327.0
3028,490,60,17332.0
3029,491,60,17337.0
3030,483,61,17342.0
3031,490,60,17347.0
3032,490,60,17352.0
3033,487,60,17357.0
3034,488,60,17362.0
3035,487,61,17367.0
3036,488,62,17372.0
3037,500,58,17377.0
3038,492,63,17382.0
3039,509,63,17387.0
3040,503,64,17392.0
3041,503,64,17397.0
3042,495,69,17402.0
3043,491,71,17407.0
3044,489,73,17412.0
3045,494,70,17417.0
3046,496,68,17422.0
3047,498,69,17427.0
3048,502,65,17432.0
3049,507,65,17437.0
3050,505,64,17442.0
3051,501,66,17447.0
3052,500,67,17452.0
3053,499,68,17457.0
3054,504,67,17462.0
3055,502,67,17467.0
3056,503,67,17472.0
3057,502,66,17477.0
3058,497,68,17482.0
3059,496,65,17487.0
3060,487,57,17492.0
3061,486,59,17497.0
3062,486,56,17502.0
3063,483,58,17507.0
3064,482,60,17512.0
3065,482,60,17517.0
3066,482,60,17522.0
3067,496,63,17527.0
3068,483,60,17532.0
3069,482,60,17537.0
3070,493,63,17542.0
3071,496,63,17547.0
3072,496,63,17552.0
3073,500,63,17557.0
3074,501,61,17562.0
3075,486,60,17567.0
3076,487,59,17572.0
3077,488,58,17577.0
3078,466,58,17582.0
3079,465,58,17587.0
3080,461,61,17592.0
3081,447,68,17597.0
3082,436,66,17602.0
3083,436,63,17607.0
3084,394,66,17612.0
3085,359,70,17617.0
3086,336,83,17622.0
3087,346,105,17627.0
3088,334,122,17632.0
3089,283,153,17637.0
3090,247,169,17642.0
3091,208,180,17647.0
3092,174,199,17652.0
3093,150,196,17657.0
3094,135,215,17662.0
3095,120,211,17667.0
3096,107,209,17672.0
3097,105,220,17677.0
3098,101,229,17682.0
3099,98,235,17687.0
3100,99,246,17692.0
3101,97,250,17697.0
3102,89,261,17702.0
3103,82,250,17707.0
3104,75,239,17712.0
3105,72,240,17717.0
3106,75,262,17722.0
3107,70,265,17727.0
3108,65,257,17732.0
3109,61,243,17737.0
3110,60,245,17742.0
3111,60,249,17747.0
3112,58,251,17752.0
3113,57,260,17757.0
3114,56,254,17762.0
3115,60,256,17767.0
3116,61,256,17772.0
3117,64,257,17777.0
3118,64,258,17782.0
3119,64,257,17787.0
3120,65,259,17792.0
3121,61,252,17797.0
3122,62,266,17802.0
3123,61,249,17807.0
3124,60,242,17812.0
3125,60,258,17817.0
3126,61,274,17822.0
3127,63,279,17827.0
3128,64,279,17832.0
3129,62,292,17837.0
3130,61,307,17842.0
3131,64,347,17847.0
3132,63,378,17852.0
3133,64,421,17857.0
3134,47,456,17862.0
3135,43,504,17867.0
3136,43,541,17872.0
3137,44,579,17877.0
3138,46,608,17882.0
3139,44,674,17887.0
3140,45,691,17892.0
3141,41,716,17897.0
3142,44,721,17902.0
3143,39,745,17907.0
3144,39,755,17912.0
3145,39,761,17917.0
3146,34,747,17922.0
3147,32,750,17927.0
3148,33,756,17932.0
3149,32,754,17937.0
3150,32,757,17942.0
3151,29,760,17947.0
3152,29,761,17952.0
3153,30,761,17957.0
3154,30,761,17962.0
3155,30,761,17967.0
3156,30,751,17972.0
3157,30,761,17977.0
3158,27,760,17982.0
3159,30,761,17987.0
3160,30,761,17992.0
3161,27,755,17997.0
3162,32,750,18002.0
3163,34,757,18007.0
3164,37,758,18012.0
3165,39,761,18017.0
3166,41,775,18022.0
3167,40,775,18027.0
3168,46,785,18032.0
3169,48,789,18037.0
3170,49,806,18042.0
3171,50,814,18047.0
3172,53,824,18052.0
3173,56,828,18057.0
3174,61,840,18062.0
3175,62,840,18067.0
3176,58,836,18072.0
3177,61,846,18077.0
3178,61,860,18082.0
3179,64,860,18087.0
3180,62,863,18092.0
3181,61,870,18097.0
3182,64,871,18102.0
3183,63,873,18107.0
3184,64,880,18112.0
3185,66,881,18117.0
3186,66,882,18122.0
3187,67,884,18127.0
3188,67,884,18132.0
3189,66,884,18137.0
3190,67,883,18142.0
3191,68,889,18147.0
3192,68,889,18152.0
3193,67,889,18157.0
3194,63,883,18162.0
3195,65,887,18167.0
3196,66,887,18172.0
3197,63,887,18177.0
3198,67,888,18182.0
3199,66,888,18187.0
3200,67,887,18192.0
3201,68,889,18197.0
3202,66,890,18202.0
3203,66,890,18207.0
3204,68,898,18212.0
3205,60,896,18217.0
3206,61,902,18222.0
3207,61,903,18227.0
3208,63,903,18232.0
3209,63,905,18237.0
3210,61,906,18242.0
3211,62,906,18247.0
3212,64,906,18252.0
3213,64,907,18257.0
3214,64,907,18262.0
3215,64,903,18267.0
3216,63,902,18272.0
3217,63,902,18277.0
3218,64,903,18282.0
3219,64,903,18287.0
3220,63,903,18292.0
3221,63,902,18297.0
3222,63,902,18302.0
3223,63,903,18307.0
3224,63,902,18312.0
3225,63,901,18317.0
3226,58,898,18322.0
3227,56,898,18327.0
3228,56,901,18332.0
3229,56,902,18337.0
3230,57,902,18342.0
3231,56,902,18347.0
3232,56,902,18352.0
3233,56,900,18357.0
3234,57,902,18362.0
3235,56,901,18367.0
3236,56,902,18372.0
3237,55,902,18377.0
3238,55,901,18382.0
3239,55,901,18387.0
3240,55,901,18392.0
3241,56,902,18397.0
3242,54,903,18402.0
3243,54,902,18407.0
3244,56,905,18412.0
3245,58,905,18417.0
3246,61,907,18422.0
3247,62,906,18427.0
3248,65,908,18432.0
3249,70,910,18437.0
3250,69,909,18442.0
3251,75,907,18447.0
3252,75,908,18452.0
3253,82,912,18457.0
3254,83,913,18462.0
3255,85,911,18467.0
3256,86,909,18472.0
3257,90,908,18477.0
3258,104,902,18482.0
3259,108,900,18487.0
3260,113,897,18492.0
3261,118,898,18497.0
3262,131,904,18502.0
3263,140,915,18507.0
3264,141,918,18512.0
3265,140,921,18517.0
3266,140,919,18522.0
3267,143,919,18527.0
3268,145,918,18532.0
3269,145,921,18537.0
3270,146,919,18542.0
3271,157,921,18547.0
3272,169,921,18552.0
3273,166,922,18557.0
3274,170,922,18562.0
3275,170,922,18567.0
3276,170,922,18572.0
3277,170,922,18577.0
3278,156,923,18582.0
3279,156,923,18587.0
3280,156,923,18592.0
3281,161,922,18597.0
3282,162,925,18602.0
3283,164,924,18607.0
3284,163,923,18612.0
3285,164,919,18617.0
3286,166,915,18622.0
3287,167,914,18627.0
3288,178,909,18632.0
3289,191,910,18637.0
3290,195,914,18642.0
3291,204,912,18647.0
3292,218,920,18652.0
3293,219,925,18657.0
3294,227,925,18662.0
3295,250,932,18667.0
3296,251,931,18672.0
3297,283,927,18677.0
3298,300,929,18682.0
3299,307,928,18687.0
3300,332,937,18692.0
3301,350,934,18697.0
3302,377,940,18702.0
3303,381,942,18707.0
3304,402,943,18712.0
3305,419,938,18717.0
3306,434,940,18722.0
3307,433,942,18727.0
3308,450,943,18732.0
3309,450,950,18737.0
3310,448,950,18742.0
3311,465,952,18747.0
3312,467,947,18752.0
3313,465,953,18757.0
3314,480,955,18762.0
3315,511,951,18767.0
3316,564,947,18772.0
3317,583,956,18777.0
3318,602,957,18782.0
3319,613,956,18787.0
3320,614,967,18792.0
3321,625,965,18797.0
3322,623,964,18802.0
3323,640,961,18807.0
3324,656,954,18812.0
3325,667,951,18817.0
3326,697,948,18822.0
3327,713,951,18827.0
3328,733,945,18832.0
3329,751,950,18837.0
3330,766,955,18842.0
3331,769,949,18847.0
3332,774,948,18852.0
3333,780,945,18857.0
3334,782,945,18862.0
3335,788,948,18867.0
3336,797,953,18872.0
3337,799,953,18877.0
3338,825,948,18882.0
3339,846,946,18887.0
3340,855,942,18892.0
3341,861,941,18897.0
3342,868,944,18902.0
3343,871,943,18907.0
3344,871,943,18912.0
3345,870,940,18917.0
3346,864,940,18922.0
3347,871,940,18927.0
3348,871,944,18932.0
3349,874,941,18937.0
3350,872,939,18942.0
3351,872,938,18947.0
3352,881,935,18952.0
3353,879,934,18957.0
3354,880,932,18962.0
3355,880,927,18967.0
3356,885,927,18972.0
3357,880,927,18977.0
3358,886,923,18982.0
3359,892,914,18987.0
3360,892,911,18992.0
3361,893,905,18997.0
3362,899,899,19002.0
3363,905,895,19007.0
3364,912,889,19012.0
3365,917,884,19017.0
3366,921,878,19022.0
3367,925,865,19027.0
3368,925,859,19032.0
3369,927,854,19037.0
3370,929,852,19042.0
3371,929,845,19047.0
3372,932,840,19052.0
3373,928,837,19057.0
3374,935,852,19062.0
3375,934,861,19067.0
3376,939,871,19072.0
3377,937,870,19077.0
3378,941,871,19082.0
3379,936,869,19087.0
3380,938,872,19092.0
3381,945,872,19097.0
3382,945,876,19102.0
3383,949,885,19107.0
3384,949,885,19112.0
3385,945,875,19117.0
3386,930,896,19122.0
3387,939,903,19127.0
3388,948,905,19132.0
3389,948,896,19137.0
3390,944,886,19142.0
3391,951,907,19147.0
3392,945,887,19152.0
3393,951,888,19157.0
3394,943,884,19162.0
3395,938,872,19167.0
3396,940,877,19172.0
3397,924,884,19177.0
3398,920,883,19182.0
3399,920,881,19187.0
3400,919,882,19192.0
3401,916,886,19197.0
3402,911,886,19202.0
3403,907,888,19207.0
3404,905,884,19212.0
3405,911,875,19217.0
3406,910,866,19222.0
3407,911,864,19227.0
3408,912,863,19232.0
3409,914,861,19237.0
3410,916,860,19242.0
3411,928,838,19247.0
3412,927,819,19252.0
3413,926,784,19257.0
3414,928,770,19262.0
3415,935,755,19267.0
3416,941,747,19272.0
3417,942,715,19277.0
3418,940,677,19282.0
3419,943,648,19287.0
3420,946,618,19292.0
3421,949,598,19297.0
3422,952,569,19302.0
3423,958,553,19307.0
3424,951,517,19312.0
3425,958,509,19317.0
3426,957,499,19322.0
3427,957,483,19327.0
3428,957,483,19332.0
3429,958,484,19337.0
3430,958,484,19342.0
3431,962,484,19347.0
3432,962,484,19352.0
3433,961,484,19357.0
3434,967,463,19362.0
3435,968,470,19367.0
3436,978,474,19372.0
3437,989,513,19377.0
3438,992,524,19382.0
3439,989,473,19387.0
3440,982,470,19392.0
3441,974,449,19402.0
3442,985,531,19437.0
3443,976,520,19442.0
3444,975,517,19447.0
3445,970,513,19452.0
3446,969,514,19457.0
3447,970,517,19462.0
3448,976,520,19467.0
3449,983,528,19472.0
3450,971,511,19482.0
3451,965,526,19487.0
3452,967,507,19492.0
3453,958,484,19497.0
3454,953,473,19502.0
3455,951,464,19507.0
3456,952,465,19512.0
3457,945,454,19517.0
3458,943,418,19522.0
3459,938,372,19527.0
3460,939,357,19532.0
3461,936,307,19537.0
3462,934,287,19542.0
3463,936,269,19547.0
3464,938,238,19552.0
3465,933,225,19557.0
3466,932,192,19562.0
3467,942,162,19567.0
3468,944,165,19572.0
3469,949,156,19577.0
3470,950,152,19582.0
3471,947,148,19587.0
3472,947,136,19592.0
3473,946,134,19597.0
3474,945,134,19602.0
3475,941,126,19607.0
3476,937,117,19612.0
3477,938,112,19617.0
3478,944,109,19622.0
3479,948,110,19627.0
3480,948,98,19632.0
3481,952,96,19637.0
3482,956,93,19642.0
3483,954,86,19647.0
3484,958,88,19652.0
3485,957,91,19657.0
3486,960,85,19662.0
3487,959,82,19667.0
3488,957,83,19672.0
3489,958,87,19677.0
3490,956,86,19682.0
3491,956,87,19687.0
3492,957,99,19692.0
3493,953,89,19697.0
3494,953,90,19702.0
3495,952,89,19707.0
3496,952,91,19712.0
3497,952,103,19717.0
3498,952,96,19722.0
3499,952,93,19727.0
3500,951,97,19732.0
3501,953,91,19737.0
3502,949,95,19742.0
3503,950,101,19747.0
3504,948,111,19752.0
3505,943,120,19757.0
3506,941,120,19762.0
3507,941,118,19767.0
3508,936,120,19772.0
3509,937,120,19777.0
3510,930,123,19782.0
3511,927,124,19787.0
3512,930,119,19792.0
3513,931,127,19797.0
3514,931,131,19802.0
3515,929,136,19807.0
3516,929,136,19812.0
3517,929,137,19817.0
3518,930,138,19822.0
3519,928,136,19827.0
3520,929,137,19832.0
3521,929,136,19837.0
3522,929,136,19842.0
3523,929,135,19847.0
3524,928,136,19852.0
3525,928,142,19857.0
3526,925,147,19862.0
3527,922,151,19867.0
3528,921,151,19872.0
3529,923,146,19877.0
3530,924,146,19882.0
3531,924,146,19887.0
3532,924,146,19892.0
3533,924,146,19897.0
3534,925,146,19902.0
3535,925,146,19907.0
3536,925,147,19912.0
3537,926,146,19917.0
3538,925,146,19922.0
3539,926,145,19927.0
3540,927,145,19932.0
3541,926,146,19937.0
3542,926,148,19942.0
3543,927,145,19947.0
3544,926,148,19952.0
3545,927,145,19957.0
3546,927,144,19962.0
3547,923,134,19967.0
3548,920,143,19972.0
3549,916,148,19977.0
3550,909,144,19982.0
3551,899,138,19987.0
3552,899,141,19992.0
3553,915,159,19997.0
3554,908,149,20002.0
3555,907,146,20007.0
3556,903,136,20012.0
3557,897,129,20017.0
3558,894,127,20022.0
3559,894,121,20027.0
3560,892,116,20032.0
3561,880,117,20037.0
3562,878,112,20042.0
3563,878,111,20047.0
3564,871,108,20052.0
3565,861,104,20057.0
3566,852,104,20062.0
3567,854,100,20067.0
3568,869,96,20072.0
3569,873,96,20077.0
3570,874,96,20082.0
3571,875,94,20087.0
3572,877,95,20092.0
3573,875,96,20097.0
3574,875,97,20102.0
3575,877,97,20107.0
3576,877,97,20112.0
3577,878,97,20117.0
3578,881,97,20122.0
3579,884,97,20127.0
3580,884,97,20132.0
3581,885,100,20137.0
3582,887,102,20142.0
3583,892,108,20147.0
3584,893,105,20152.0
3585,892,99,20157.0
3586,894,96,20162.0
